Site,Onion
http://www.websitedown.info/192.168.0.2:15555,lofvj56iunsrr2dh.onion
https://raddle.me/search?q=youtube.com,4bzzsg2ii4fv2iid.onion
https://wardiary.wikileaks.org/id/717740D2-6BAD-4D86-ABAE-86030C2AC4B3/,wlchatc3pjwpli5r.onion
https://wardiary.wikileaks.org/search/?category=Direct+Fire&sort=date&region=RC+SOUTH&classification=SECRET&type_=Enemy%20Action,wlchatc3pjwpli5r.onion
https://wardiary.wikileaks.org/search/?category=Propaganda&type_of_unit=ISF&sort=-date,wlchatc3pjwpli5r.onion
https://wardiary.wikileaks.org/search/?category=Sniper+Ops&sort=-total_casualties&type=Enemy+Action&type_of_unit=None%20Selected,wlchatc3pjwpli5r.onion
https://wardiary.wikileaks.org/search/?release=Afghanistan&sort=-date&region=RC+WEST&type=Enemy+Action,wlchatc3pjwpli5r.onion
https://wardiary.wikileaks.org/search/?release=Iraq&type_of_unit=None+Selected&category=Equipment+Failure&sort=date&region=MND-NE,wlchatc3pjwpli5r.onion
https://wardiary.wikileaks.org/search/?sort=total_casualties&affiliation=ENEMY&classification=UNCLASSIFIED&type_of_unit=Civilian&category=Intimidation%20Threat,wlchatc3pjwpli5r.onion
https://wardiary.wikileaks.org/search/?sort=total_casualties&type_of_unit=CF&type_=EXPLOSIVE+HAZARD&affiliation=ENEMY,wlchatc3pjwpli5r.onion
https://wikileaks.org/clinton-emails/emailid/696,wlchatc3pjwpli5r.onion
https://www.aiosearch.com/site-search?tag=artists,galaxy2gchufcb3z.onion
