wlchatc3pjwpli5r.onion,97942
keybase5wmilwokqirssclfnsqrjdsi7jdir5wy7y7iu3tanwmtp6oid.onion,32544
galaxy2gchufcb3z.onion,4396
ydt6jy2ng3s3xg2e.onion,4289
5u56fjmxu63xcmbk.onion,3410
sa6pbdrbllyona5s.onion,3286
ou63pmih66umazou.onion,3013
uj3wazyk5u4hnvtk.onion,2834
lxoeu5ls4yusm44s.onion,2797
hydraruzxpnew4af.onion,2406
dqeasamlf3jld2kz.onion,2341
hypereal2p3t7cuy.onion,2263
aacnshdurq6ihmcs.onion,1720
wx4j4vmarsinfoxe.onion,1430
nnksciarbrfsg3ud.onion,1425
sexsochich5qgwv2.onion,1371
hty3epcxja62jlxm.onion,1317
czquwvybam4bgbro.onion,1163
bcbm4y7yusdxthg3.onion,1041
ciadotgov4sjwlzihbbgxnqg3xiyrg7so2r2o3lt5wz5ypk4sxyjstad.onion,1028
fhacksnplmzxaaoo.onion,908
p3iima6fdijonctq.onion,856
efjupw6biaatay5z.onion,841
sexonsk3ylefanut.onion,750
gmg7jl25ony5g7ws.onion,723
