http://wlchatc3pjwpli5r.onion,200,13,03/03/2020 09:58:19
http://5u56fjmxu63xcmbk.onion,200,3,03/03/2020 09:58:20
http://y7iu3tanwmtp6oid.onion,ConnectTimeout,2,03/03/2020 09:58:30
http://galaxy2gchufcb3z.onion,200,2,03/03/2020 09:58:31
http://nytimes3xbfgragh.onion/2019,404,1,03/03/2020 09:58:35
http://xxxxgqam4crv6rr6.onion,ConnectTimeout,1,03/03/2020 09:58:45
http://hty3epcxja62jlxm.onion,ConnectTimeout,1,03/03/2020 09:58:55
http://h4ckorsoftgfvvng.onion,ConnectTimeout,1,03/03/2020 09:59:05
http://lofvj56iunsrr2dh.onion,ConnectTimeout,1,03/03/2020 09:59:15
http://4bzzsg2ii4fv2iid.onion,ConnectTimeout,1,03/03/2020 09:59:25
http://sexonsk3ylefanut.onion,ConnectTimeout,1,03/03/2020 09:59:35
http://aacnshdurq6ihmcs.onion,ConnectTimeout,1,03/03/2020 09:59:45
http://newentry2aj23jci.onion,ConnectTimeout,0,03/03/2020 09:59:55
http://keybase5wmilwokqirssclfnsqrjdsi7jdir5wy7y7iu3tanwmtp6oid.onion,200,4,03/03/2020 09:59:56
