http://keybase5wmilwokqirssclfnsqrjdsi7jdir5wy7y7iu3tanwmtp6oid.onion,200,32544,03/03/2020 14:29:11
http://galaxy2gchufcb3z.onion,ConnectTimeout,4396,03/03/2020 14:29:21
http://ydt6jy2ng3s3xg2e.onion,200,4289,03/03/2020 14:29:24
http://5u56fjmxu63xcmbk.onion,200,3410,03/03/2020 14:29:26
http://sa6pbdrbllyona5s.onion,200,3286,03/03/2020 14:29:29
http://ou63pmih66umazou.onion,200,3013,03/03/2020 14:29:34
http://uj3wazyk5u4hnvtk.onion,ConnectTimeout,2834,03/03/2020 14:29:44
http://lxoeu5ls4yusm44s.onion,ConnectTimeout,2797,03/03/2020 14:29:54
http://hydraruzxpnew4af.onion,200,2406,03/03/2020 14:29:58
http://dqeasamlf3jld2kz.onion,ConnectTimeout,2341,03/03/2020 14:30:08
http://hypereal2p3t7cuy.onion,200,2263,03/03/2020 14:30:11
http://aacnshdurq6ihmcs.onion,ConnectTimeout,1720,03/03/2020 14:30:21
http://wx4j4vmarsinfoxe.onion,200,1430,03/03/2020 14:30:23
http://nnksciarbrfsg3ud.onion,200,1425,03/03/2020 14:30:27
http://sexsochich5qgwv2.onion,200,1371,03/03/2020 14:30:30
http://hty3epcxja62jlxm.onion,ConnectTimeout,1317,03/03/2020 14:30:40
http://czquwvybam4bgbro.onion,200,1163,03/03/2020 14:30:43
http://bcbm4y7yusdxthg3.onion,200,1041,03/03/2020 14:30:49
http://ciadotgov4sjwlzihbbgxnqg3xiyrg7so2r2o3lt5wz5ypk4sxyjstad.onion,200,1028,03/03/2020 14:30:52
http://fhacksnplmzxaaoo.onion,SSLError,908,03/03/2020 14:30:57
http://p3iima6fdijonctq.onion,200,856,03/03/2020 14:31:01
http://efjupw6biaatay5z.onion,200,841,03/03/2020 14:31:04
http://sexonsk3ylefanut.onion,ConnectTimeout,750,03/03/2020 14:31:14
http://gmg7jl25ony5g7ws.onion,200,723,03/03/2020 14:31:17
